{"stats":{"minecraft:killed_by":{"minecraft:zombie":3},"minecraft:used":{"minecraft:zombie_spawn_egg":1,"minecraft:armor_stand":3},"minecraft:custom":{"minecraft:jump":38,"minecraft:time_since_rest":1350,"minecraft:damage_dealt":73,"minecraft:damage_taken":1287,"minecraft:play_one_minute":29401,"minecraft:leave_game":6,"minecraft:time_since_death":1334,"minecraft:sprint_one_cm":3174,"minecraft:walk_one_cm":5463,"minecraft:walk_on_water_one_cm":664,"minecraft:deaths":5,"minecraft:sneak_time":329,"minecraft:fall_one_cm":5899,"minecraft:fly_one_cm":242527}},"DataVersion":2586}