{"stats":{"minecraft:dropped":{"minecraft:dirt":6},"minecraft:used":{"minecraft:dirt":1},"minecraft:custom":{"minecraft:jump":288,"minecraft:time_since_rest":1350,"minecraft:deaths":2,"minecraft:crouch_one_cm":240,"minecraft:damage_dealt":238,"minecraft:play_one_minute":6541,"minecraft:walk_on_water_one_cm":724,"minecraft:sprint_one_cm":33355,"minecraft:damage_taken":307,"minecraft:time_since_death":1333,"minecraft:walk_one_cm":10261,"minecraft:sneak_time":138,"minecraft:walk_under_water_one_cm":57,"minecraft:swim_one_cm":2757,"minecraft:drop":6,"minecraft:fall_one_cm":10203,"minecraft:fly_one_cm":53859},"minecraft:picked_up":{"minecraft:dirt":18}},"DataVersion":2586}