{
  "minecraft:adventure/adventuring_time": {
    "criteria": {
      "minecraft:cold_ocean": "2024-05-05 13:32:28 +0000",
      "minecraft:forest": "2024-05-05 13:32:09 +0000",
      "minecraft:taiga": "2024-05-05 13:34:05 +0000",
      "minecraft:taiga_hills": "2024-05-05 13:34:29 +0000",
      "minecraft:beach": "2024-05-05 13:31:58 +0000",
      "minecraft:river": "2024-05-05 13:32:11 +0000",
      "minecraft:plains": "2024-05-05 13:34:40 +0000"
    },
    "done": false
  },
  "DataVersion": 2586
}